{
  "train_loss": [
    0.14115505847676624,
    0.08937488980278017,
    0.075823628442968,
    0.06812324420819922,
    0.06282271482496765,
    0.05936616771997804,
    0.05672158045269895,
    0.054224278009003965,
    0.05260385865850567,
    0.05045803502285399,
    0.049245750340502395,
    0.04786475746406028,
    0.046629497450822496,
    0.04540094037448928,
    0.04434485765612468,
    0.043425160109916074,
    0.03958766792232014
  ],
  "val_loss": [
    0.10195048250918973,
    0.0845908232245427,
    0.07742861921430809,
    0.0790037617098381,
    0.07981979954510372,
    0.07070157351880156,
    0.06845979168007368,
    0.06751163923058165,
    0.07158148848740353,
    0.0702924205321994,
    0.06746315663086755,
    0.06656596042509604,
    0.06895869653039538,
    0.06763875691646552,
    0.06773266666510672,
    0.06913670117555742,
    0.06837010474547107
  ],
  "val_nse": [
    0.749349305866052,
    0.8143947761522259,
    0.8285673131803498,
    0.8282898666852445,
    0.8463029072004455,
    0.8242306178594644,
    0.8471784893430582,
    0.8461810177251564,
    0.8494786663094346,
    0.8448989315462748,
    0.8398247823025273,
    0.8414121256694871,
    0.8394289496797287,
    0.8462519443407776,
    0.8484923793909431,
    0.8429560037108904,
    0.8389674503176829
  ],
  "lr": [
    0.001,
    0.001,
    0.001,
    0.001,
    0.001,
    0.001,
    0.001,
    0.001,
    0.001,
    0.001,
    0.001,
    0.001,
    0.001,
    0.001,
    0.001,
    0.0005,
    0.0005
  ],
  "epoch_time_s": [
    54.671876192092896,
    53.88230609893799,
    55.56725716590881,
    54.77405142784119,
    56.46849751472473,
    55.80144000053406,
    54.69023656845093,
    55.39698100090027,
    54.17503476142883,
    53.78239417076111,
    54.252342224121094,
    55.60877799987793,
    55.48798680305481,
    55.52553582191467,
    56.42911458015442,
    53.765265703201294,
    54.832533836364746
  ]
}